{
    "control": {
        "djInWareHouseID": "待检入库单号",
        "supplierName": "供应商名称,hidden",
        "inboundBatch": "入库批次",
        "djRKProducerName": "制单人员姓名",
        "djRKProduceTime": "制单时间",
        "customerTypeName": "客户类型,hidden,@供应商",
        "supplierID": "供应商代码,@table,@customerTypeName:@supplierName",
        "djINWareHousRemark": "备注,string,500"
    },
    "operate": {
    },
    "mustwrite": ["djInWareHouseID", "supplierID", "inboundBatch", "djRKProducerName", "djRKProduceTime"],
    "unique": ["inboundBatch"],
    "primary": "djInWareHouseID",
    "titles": {
        "djInWareHouseID": "待检入库单号,15%",
        "supplierID": "供应商代码,10%",
        "supplierName": "供应商名称,15%",
        "inboundBatch": "入库批次,10%",
        "djRKProducerName": "制单人员姓名,10%",
        "djRKProduceTime": "制单时间,10%",
        "djRKAuditStaffName": "审核人员姓名,10%",
        "djRKAuditTime": "审核时间,10%",
        "printFlag": "打印标志,5%",
        "djINWareHousRemark": "备注,5%"
    },
    "detailControl": {
        "djInWareHouseID": "待检入库单号,parent",
        "inboundBatch": "入库批次,parent",
        "supplierID": "供应商代码,parent",
        "supplierName": "供应商名称,parent",
        "inboundPackageAmount": "入库包装数量,hidden",
        "inboundBoxAmount": "入库箱数,calculate,inboundAmount,inboundPackageAmount,/",
        "partState": "部品状态,@待检品",
        "partCode": "部品件号,@table,@supplierID:@partName,@partID,@autoStylingName,@partUnit,@inboundPackageAmount",
        "inboundAmount": "入库数量,number",
        "originalBatch": "原厂批次,string,12",
        "djInWareHouseListRemark": "备注,string,500"
    },
    "detailMustwrite": ["djInWareHouseID", "supplierID", "partCode", "inboundBatch"],
    "detailUnique": [],
    "detailPrimary": "djInWareHouseID,partCode",
    "detailTitles": {
        "failedReason": "失败原因,10%",
        "supplierID": "供应商代码,10%",
        "supplierName": "供应商名称,10%",
        "partID": "部品编号,10%",
        "partName": "部品名称,10%",
        "partCode": "部品件号,10%",
        "partUnit": "部品单位,10%",
        "partState": "部品状态,10%",
        "autoStylingName": "车型,10%",
        "inboundAmount": "入库数量,10%",
        "inboundBoxAmount": "入库箱数,10%",
        "inboundBatch": "入库批次,10%",
        "originalBatch": "原厂批次,10%",
        "djInWareHouseListRemark": "备注,10%",
        "djInWareHouseID": "待检入库单号,10%"
    },
    "printArea": {
        "title": {"djInWareHouse":"100%,待检入库单"},
        "rows1": {
            "djInWareHouseIDName":"15%,单据编号",
            "djInWareHouseID":"20%",
            "supplierNameName":"10%,供应商",
            "supplierName":"20%",
            "supplierID":"5%",
            "djRKProducerNameName":"10%,制单人",
            "djRKProducerName":"20%"
            },
        "rows2": {
            "inboundBatchName":"15%,入库批次",
            "inboundBatch":"20%",
            "djRKProduceTimeName":"10%,制单时间",
            "djRKProduceTime":"20%",
            "pageInfo":"35%,第 1 页共 1 页"
            },
        "datasTitle": {
            "partName":"20%,部品名称",
            "partCode":"20%,部品件号",
            "partUnit":"5%,单位",
            "inboundAmount":"10%,入库数量",
            "originalBatch":"15%,原厂批次",
            "result":"15%,检验结论",
            "djInWareHouseListRemark":"15%,备注"
        },
        "rows3": {
            "inboundCountName":"10%,总计",
            "inboundCount":"90%"
        },
        "rows4": {
            "supplierSignName": "10%,供应商",
            "supplierSign": "15%",
            "wareHouseManagerSignName": "10%,库管员",
            "wareHouseManagerSign": "15%",
            "auditSignName": "10%,审核人",
            "auditSign": "15%",
            "inspectSignName": "10%,检验人",
            "inspectSign": "15%"
        },
        "rows5": {
            "remark": "100%,备注: 白 --> 存根; 红色 --> 客户; 蓝 --> 库房; 绿色 --> 检验; 黄 --> 返回"
        }
    }
}