{
    "control": {
        "sjOutWareHouseID": "送检出库单号",
        "supplierName": "供应商名称,hidden",
        "sjCKProducerName": "制单人",
        "sjCKProduceTime": "制单时间",
        "customerTypeName": "客户类型,hidden,@供应商",
        "supplierID": "供应商代码,@table,@customerTypeName:@supplierName",
        "sjOutBackWareHouseRemark": "备注,string,500"
    },
    "mustwrite": ["sjOutWareHouseID", "supplierID", "sjCKProducerName", "sjCKProduceTime"],
    "unique": [],
    "primary": "sjOutWareHouseID,supplierID",
    "titles": {
        "sjOutWareHouseID": "送检出库单号,20%",
        "supplierID": "供应商代码,10%",
        "supplierName": "供应商名称,10%",
        "sjCKProducerName": "制单人,10%",
        "sjCKProduceTime": "制单时间,10%",
        "sjCKAuditStaffName": "审核人员姓名,10%",
        "sjCKAuditTime": "审核时间,10%",
        "printFlag": "打印标志,10%",
        "sjOutBackWareHouseRemark": "备注,10%"
    },
    "detailControl": {
        "supplierID": "供应商代码,parent",
        "supplierName": "供应商名称,parent",
        "sjOutWareHouseID": "送检出库单号,parent",
        "inboundAmount": "入库数量,hidden",
        "inboundBatch": "入库批次,hidden",
        "partCode": "部品件号,@table,@supplierID:@partName,@partID,@inboundBatch,@inboundAmount,@wareHouseManagerName",
        "sjCKAmount": "送检出库数量,check,小于,inboundAmount",
        "sjOutWareHouseListRemark": "备注,string,500"
    },
    "detailMustwrite": ["sjOutWareHouseID", "supplierID", "partCode", "inboundBatch", "sjCKAmount"],
    "detailUnique": [],
    "detailPrimary": "sjOutWareHouseID,inboundBatch,partCode",
    "detailTitles": {
        "checkbox": "选择,5%",
        "supplierID": "供应商代码,10%",
        "supplierName": "供应商名称,10%",
        "partID": "部品编号,10%",
        "partName": "部品名称,10%",
        "partCode": "部品件号,10%",
        "inboundBatch": "入库批次,10%",
        "partUnit": "部品单位,10%",
        "sjCKAmount": "送检出库数量,10%",
        "sjOutWareHouseListRemark": "备注,10%",
        "sjOutWareHouseID": "送检出库单号,10%",
        "wareHouseManagerName": "库管员,10%"
    },
    "printArea": {
        "title": {"sjOutWareHouseID":"100%,待检入库单"},
        "rows1": {
            "sjOutWareHouseIDName":"15%,单据编号",
            "sjOutWareHouseID":"20%",
            "supplierNameName":"10%,供应商",
            "supplierName":"20%",
            "supplierID":"5%",
            "sjCKProducerNameName":"10%,制单人",
            "sjCKProducerName":"20%"
            },
        "rows2": {
            "sjCKProduceTimeName":"15%,制单时间",
            "sjCKProduceTime":"20%",
			"sjCKAuditTimeName":"10%,审核时间",
            "sjCKAuditTime":"20%",
            "pageInfo":"35%,第 1 页共 1 页"
            },
        "datasTitle": {
            "partName":"25%,部品名称",
            "partCode":"25%,部品件号",
            "partUnit":"5%,单位",
            "sjCKAmount":"10%,送检数量",
            "inboundBatch":"20%,入库批次",
            "djInWareHouseListRemark":"15%,备注"
        }
    }
}