{
    "control": {
        "zdBackWareHouseID": "终端退库单据号",
        "zdTKProducerName": "制单人",
        "zdTKProduceTime": "制单时间",
        "zdCustomerName": "终端客户名称,hidden",
        "ycFLocation": "原存放区域,select,集配区,线旁",
        "zdTKType": "退库类型,select,良品,不良品",
        "customerTypeName": "客户类型,hidden,@终端客户",
        "zdCustomerID": "终端客户代码,@table,@customerTypeName:@zdCustomerName",
        "zdTKRemark": "备注,string,500"
    },
    "mustwrite": ["zdBackWareHouseID", "zdCustomerID", "ycFArea", "zdTKType", "zdTKProducerName", "zdTKProduceTime"],
    "unique": [],
    "primary": "zdBackWareHouseID,ycFLocation,zdCustomerID",
    "titles": {
        "zdBackWareHouseID": "终端退库单据号,10%",
        "zdCustomerID": "终端客户代码,10%",
        "zdCustomerName": "终端客户名称,10%",
        "ycFLocation": "原存放区域,10%",
        "zdTKType": "退库类型,10%",
        "zdTKProducerName": "制单员姓名,10%",
        "zdTKProduceTime": "制单时间,10%",
        "zdTKAuditStaffName": "审核员姓名,10%",
        "zdTKAuditTime": "审核时间,10%",
        "printFlag": "打印标志,10%",
        "zdTKRemark": "备注,10%"
    },
    "detailControl": {
        "zdBackWareHouseID": "终端退库单据号,parent",
        "zdCustomerID": "终端客户,parent",
        "ycFLocation": "存放区域,parent,@集配区",
        "customerTypeName": "客户类型,hidden,@供应商",
        "tkAmount": "上线数量,hidden",
        "tkPartState": "部品状态,parent,zdTKType",
        "supplierName": "供应商名称,hidden",
        "supplierID": "供应商代码,@table,@customerTypeName,@zdCustomerID:@supplierName",
        "partCode": "部品件号,@table,@supplierID,@ycFLocation,@zdCustomerID:@partID,@partName,@inboundBatch,@tkAmount,@wareHouseManagerName",
        "zdTKAmount": "退库数量,check,小于,tkAmount",
        "zdBackWareHouseRemark": "备注,10%"
    },
    "detailMustwrite": ["zdBackWareHouseID", "supplierID", "partCode", "inboundBatch", "zdTKAmount"],
    "detailUnique": [],
    "detailPrimary": "zdBackWareHouseID,partCode,supplierID,inboundBatch",
    "detailTitles": {
        "checkbox": "选择,5%",
        "supplierID": "供应商ID,10%",
        "supplierName": "供应商名称,10%",
        "partID": "部品编号,10%",
        "partName": "部品名称,10%",
        "partCode": "部品件号,10%",
        "partUnit": "部品单位,10%",
        "zdTKAmount": "退库数量,10%",
        "inboundBatch": "入库选择批次,10%",
        "zdBackWareHouseRemark": "备注,10%",
        "tkPartState": "部品状态,10%",
        "zdBackWareHouseID": "终端退库单据号,10%",
        "wareHouseManagerName": "库管员,10%"
    }
}
