{
    "control": {
        "supplierName": "供应商名称,hidden",
        "operateType": "操作类型",
        "customerTypeName": "客户类型,hidden,@供应商",
        "supplierID": "供应商代码,@table,@customerTypeName:@supplierName",
        "containerName": "盛具名称,@table",
        "containerCode": "盛具编号,string,20",
        "operateAmount": "数量,number",
        "operateProducerName": "制单人",
        "operateProducerTime": "制单时间",
        "containerManagerRemark": "备注,string,50"
    },
    "mustwrite": ["supplierID", "containerName", "operateType", "operateAmount"],
    "unique": [],
    "primary": "supplierID,containerName,operateType,operateProducerTime",
    "titles": {
        "supplierName": "供应商名称,20%",
        "supplierID": "供应商代码,20%",
        "operateType": "操作类型,10%",
        "containerName": "盛具名称,20%",
        "containerCode": "盛具编号,10%",
        "operateAmount": "数量,10%",
        "operateProducerName": "制单人,20%",
        "operateProducerTime": "制单时间,20%",
        "containerManagerRemark": "备注,10%"
    }
}
