{
    "detailControl": {
        "listNumber": "单内显示序号,number",
        "supplierID": "供应商代码,@table:@supplierName",
        "partCode": "部品件号,@table:@partID,@partName,@partUnit",
        "dhAmount": "计划数量,number",
        "dhPlanListRemark": "备注,string,500",
        "dhPlanID": "调货计划单号"
    },
    "detailMustwrite": ["dhPlanID", "supplierID", "partCode", "dhAmount", "listNumber"],
    "detailUnique": [],
    "detailPrimary": "dhPlanID,partCode",
    "detailTitles": {
        "listNumber": "单内显示序号,10%",
        "supplierID": "供应商代码,10%",
        "supplierName": "供应商名称,10%",
        "partID": "部品编号,10%",
        "partName": "部品名称,10%",
        "partCode": "部品件号,10%",
        "partUnit": "部品单位,10%",
        "dhAmount": "计划数量,10%",
        "dhPlanListRemark": "备注,10%",
        "dhPlanID": "调货计划单号,10%"
    }
}
