{
    "control": {
        "djInWareHouseID": "待检入库单,hidden",
        "inboundBatch": "入库批次,string,50",
        "supplierID": "供应商代码,hidden",
        "supplierName": "供应商名称,string,50",
        "partName": "部品名称,string,50",
        "partCode": "部品件号,string,50",
        "partState": "部品状态",
        "inboundAmount": "入库数量,number",
        "originalBatch": "原厂批次,string,12",
        "inspectionResult": "检验结论,select,合格,不合格",
        "inspectionReportListRemark": "不合格原因,string, 500"
    },
    "mustwrite": ["supplierID", "partCode", "inboundBatch"],
    "unique": [],
    "primary": "inboundBatch,partCode",
    "titles": {
        "supplierID": "供应商代码,10%",
        "supplierName": "供应商名称,10%",
        "partID": "部品编号,10%",
        "partName": "部品名称,10%",
        "partCode": "部品件号,10%",
        "partUnit": "部品单位,10%",
        "partState": "部品状态,10%",
        "autoStylingName": "车型,10%",
        "inboundAmount": "入库数量,10%",
        "inboundBoxAmount": "入库箱数,10%",
        "inspectionTime": "检验时间,10%",
        "inspectorName": "检验员,10%",
        "inspectionReportListRemark": "备注,10%",
        "cfAddress": "存放地址,10%",
        "inboundBatch": "入库批次,10%",
        "originalBatch": "原厂批次,10%",
        "djInWareHouseID": "待检入库单号,10%"
    },
    "detailControl": {},
    "detailMustwrite": [],
    "detailUnique": [],
    "detailPrimary": "",
    "detailTitles": {}
}
