{
    "control": {
        "fxInWareHouseID": "返修入库单号",
        "customerTypeName": "客户类型,hidden,@供应商",
        "supplierName": "供应商名称,hidden",
        "fxRKProducerName": "制单人",
        "fxRKProduceTime": "制单时间",
        "partState": "部品状态,select,不良品,良品",
        "supplierID": "供应商代码,@table,@customerTypeName:@supplierName",
        "fxInWareHouseRemark": "备注,string,500"
    },
    "mustwrite": ["fxInWareHouseID", "supplierID", "fxRKProducerName", "fxRKProduceTime"],
    "unique": [],
    "primary": "fxInWareHouseID,supplierID,partState",
    "titles": {
        "fxInWareHouseID": "返修入库单号,10%",
        "supplierID": "供应商代码,10%",
        "supplierName": "供应商名称,10%",
        "partState": "部品状态,10%",
        "fxRKProducerName": "制单人,10%",
        "fxRKProduceTime": "制单时间,10%",
        "fxRKAuditStaffName": "审核人,10%",
        "fxRKAuditTime": "审核时间,10%",
        "printFlag": "打印标志,10%",
        "fxInWareHouseRemark": "备注,10%"
    },
    "detailControl": {
        "fxInWareHouseID": "返修入库单号,parent",
        "supplierID": "供应商代码,parent",
        "supplierName": "供应商名称,parent",
        "fxCKAmount": "返修数量,hidden",
        "inboundBatch": "入库批次,hidden",
        "partCode": "部品件号,@table,@supplierID:@partID,@partName,@partUnit,@partState,@inboundBatch,@fxCKAmount,@wareHouseManagerName",
        "fxRKAmount": "返修入库数量,check,小于,fxCKAmount",
        "fxInWareHouseListRemark": "备注,string,500"
    },
    "detailMustwrite": ["fxOutWareHouseID", "supplierID", "partCode", "fxRKAmount"],
    "detailUnique": [],
    "detailPrimary": "fxOutWareHouseID,partCode,inboundBatch,supplierID",
    "detailTitles": {
        "checkbox": "选择,5%",
        "supplierID": "供应商代码,10%",
        "supplierName": "供应商名称,10%",
        "partID": "部品编号,10%",
        "partName": "部品名称,10%",
        "partCode": "部品件号,10%",
        "inboundBatch": "入库批次,10%",
        "fxRKAmount": "返修入库数量,10%",
        "fxInWareHouseListRemark": "备注,10%",
        "fxInWareHouseID": "返修入库单号,10%",
        "wareHouseManagerName": "库管员,10%"
    }
}
