{
    "control": {
        "customerID": "客户代码,string,10",
        "customerName": "客户名称,string,50",
        "customerAbbName": "客户名称简称,string,50",
        "customerTypeName": "客户类型,@table",
        "customerManager": "经办人,string,10",
        "customerManagerPhone": "经办人电话,string,13",
        "customerOfficePhone": "办公电话,string,13",
        "customerOfficeFax": "传真,string,13",
        "customerEmail": "邮箱,string,100",
        "smsNumbers": "接收短信号码,string,200",
        "smsSendTime": "短信发送时间,string,7",
        "shMethodName": "送货方式,@table",
        "transportCycle": "运输周期(小时),number",
        "pinyinAbb": "拼音助记,string,50",
        "customerRemark": "备注,string,500"
    },
    "mustwrite": ["customerID", "customerName", "partName", "customerAbbName", "customerTypeName"],
    "unique": ["customerID", "customerName"],
    "primary": "customerID",
    "titles": {
        "customerID": "客户代码,10%",
        "customerName": "客户名称,10%",
        "customerAbbName": "客户名称简称,10%",
        "customerTypeName": "客户类型,10%",
        "customerManager": "经办人,10%",
        "customerManagerPhone": "经办人电话,10%",
        "customerOfficePhone": "办公电话,10%",
        "customerOfficeFax": "传真,10%",
        "customerEmail": "邮箱,10%",
        "smsNumbers": "接收短信号码,10%",
        "smsSendTime": "短信发送时间,10%",
        "shMethodName": "送货方式,10%",
        "transportCycle": "运输周期(小时),10%",
        "pinyinAbb": "拼音助记,10%",
        "customerRemark": "备注,10%"
    }
}
