{
    "control": {
        "customerTypeName": "客户类型,hidden,@供应商",
        "supplierID": "供应商代码,@table,@customerTypeName",
        "partCode": "部品件号,@table",
        "inboundContainerName": "入库盛具,@table",
        "inboundPackageAmount": "入库包装数量,number",
        "outboundContainerName": "出库盛具,@table",
        "outboundPackageAmount": "出库包装数量,number",
        "gysPartContainerInfoRemark": "备注,string,500"
    },
    "mustwrite": ["supplierID","partCode","inboundContainerName","inboundPackageAmount","outboundContainerName", "outboundPackageAmount"],
    "unique": [],
    "primary": "supplierID,partCode",
    "titles": {
        "supplierID": "供应商代码,20%",
        "partCode": "部品件号,20%",
        "inboundContainerName": "入库盛具,10%",
        "inboundPackageAmount": "入库包装数量,10%",
        "outboundContainerName": "出库盛具,10%",
        "outboundPackageAmount": "出库包装数量,10%",
        "gysPartContainerInfoRemark": "备注,20%"
    }
}
