{
    "control": {
        "customerTypeName": "客户类型,hidden,@供应商",
        "supplierID": "供应商代码,@table,@customerTypeName",
        "partCode": "部品件号,@table",
        "kfCFAddress": "库房存放地址,string,12",
        "jpqCFAddress": "集配区存放地址,string,12",
        "partStoreRemark": "备注,string,500"
    },
    "mustwrite": ["supplierID", "partCode"],
    "unique": [],
    "primary": "supplierID,partCode",
    "titles": {
        "supplierID": "供应商代码,20%",
        "partCode": "部品件号,20%",
        "kfCFAddress": "库房存放地址,20%",
        "jpqCFAddress": "集配区存放地址,20%",
        "partStoreRemark": "备注,20%"
    }
}
