{
    "control": {
        "partCode": "部品件号,@table",
        "bhEmployeeType": "雇员类型,hidden,@备货员",
        "bhEmployeeName": "备货员,@table,@bhEmployeeType",
        "lhEmployeeType": "雇员类型,hidden,@领货员",
        "lhEmployeeName": "领货员,@table,@lhEmployeeType",
        "psEmployeeType": "雇员类型,hidden,@配送员",
        "psEmployeeName": "配送员,@table,@psEmployeeType",
        "remarker": "备注,string,500"
    },
    "mustwrite": ["partCode","bhEmployeeName", "lhEmployeeName", "psEmployeeName"],
    "unique": [],
    "primary": "partCode",
    "titles": {
        "partCode": "部品件号,20%",
        "bhEmployeeName": "备货员,20%",
        "lhEmployeeName": "领货员,20%",
        "psEmployeeName": "配送员,20%",
        "remarker": "备注,20%"
    }
}
