{
    "control": {
        "userLoginAccount": "用户名,string,10",
        "userLoginPassWord": "密码,password,12",
        "userLoginDBName": "数据库名,@table:@companyID",
        "userInfoRemark": "备注,string,500"
    },
    "mustwrite": ["userLoginAccount", "userLoginPassWord", "userLoginDBName"],
    "unique": ["userLoginAccount"],
    "primary": "userLoginAccount",
    "titles": {
        "userLoginAccount": "用户名,20%",
        "userLoginPassWord": "密码,30%",
        "userLoginDBName": "数据库名,20%",
        "userInfoRemark": "备注,30%"
    }
}
