{
    "control": {
        "dataBaseID": "数据库ID,hidden,0",
        "masterDataBaseName": "工作数据库,string,25",
        "companyID": "公司编号,@table",
        "masterDataBaseServer": "工作服务器,string,50",
        "historyDataBaseName": "历史数据库,readonly,25",
        "historyDataBaseServer": "历史服务器,readonly,50",
        "dataBaseInfoRemark": "备注,string,500"
    },
    "mustwrite": ["companyID", "masterDataBaseName", "masterDataBaseServer"],
    "unique": ["masterDataBaseName"],
    "primary": "dataBaseID",
    "titles": {
        "dataBaseID": "数据库ID,0",
        "masterDataBaseName": "工作数据库,15%",
        "companyID": "公司编号,20%",
        "masterDataBaseServer": "工作服务器,15%",
        "historyDataBaseName": "历史数据库,15%",
        "historyDataBaseServer": "历史服务器,15%",
        "dataBaseInfoRemark": "备注,20%"
    }
}
