{
    "control": {
        "companyID": "公司编号,string,3",
        "companyName": "公司名称,string,50",
        "companyNameAPP": "名称缩写,string,10",
        "companyAddress": "公司地址,string,100",
        "legalPersonName": "法人姓名,string,10",
        "legalPersonPhone": "法人电话,string,15",
        "contactPersonName": "联系人姓名,string,10",
        "contactPersonPhone": "联系人电话,string,15",
        "companyCode": "公司代码,string,20",
        "busenessState": "是否停办业务,bool,0",
        "companyWebSite": "公司网址,string,200",
        "companyRemark": "备注,string,500"
    },
    "mustwrite": ["companyID", "companyName"],
    "unique": ["companyID", "companyName"],
    "primary": "companyID",
    "titles": {
        "companyID": "公司编号,5%",
        "companyName": "公司名称,10%",
        "companyNameAPP": "名称缩写,10%",
        "companyAddress": "公司地址,10%",
        "legalPersonName": "法人姓名,5%",
        "legalPersonPhone": "法人电话,10%",
        "contactPersonName": "联系人姓名,10%",
        "contactPersonPhone": "联系人电话,10%",
        "companyCode": "公司代码,5%",
        "busenessState": "是否停办业务,5%",
        "companyWebSite": "公司网址,10%",
        "companyRemark": "备注,10%"
    }
}
