{
    "titles": {
        "jhOutWareHouseID": "出库单号,1,1,10%,false",
        "outInType": "出入库类型,1,1,10%,false",
        "outInMethod": "出入库方式,1,1,10%,false",
        "supplierID": "供应商编号,1,1,10%,false",
        "supplierName": "供应商,1,1,10%,false",
        "partCode": "部品件号,1,1,10%,false",
        "partName": "部品名称,1,1,10%,false",
        "partID": "部品编号,1,1,10%,false",
        "packingNumber": "包号,1,1,10%,false",
        "lhAmount": "领货数量,1,1,10%,false",
        "zdCustomerID": "终端客户编号,1,1,10%,false",
        "zdCustomerName": "终端客户,1,1,10%,false",
        "jhCKProduceTime": "制单时间,1,1,10%,false",
        "jhCKProducerName": "制单人,1,1,10%,false",
        "lhProgressListRemark": "备注,1,1,10%,false"
    }
}
