{
    "titles": {
        "supplierID": "供应商代码,1,1,10%,false",
        "supplierName": "供应商,1,1,10%,false",
        "partID": "部品编号,1,1,10%,false",
        "partName": "部品名称,1,1,10%,false",
        "partCode": "部品件号,1,1,10%,false",
        "kfjcdjp": "待检品,1,1,10%,true,待检库存报表",
        "kfjcsjp": "送检品,1,1,10%,true,送检品库存报表",
        "kfjclp": "良品,1,1,10%,true,良品库存报表",
        "kfjCblp": "不良品,1,1,10%,true,不良品库存报表",
        "kfjcfxp": "返修品,1,1,10%,true,返修品库存报表",
        "kfJCTotal": "总数,1,1,10%,true"
    }
}
