{
    "titles": {
        "supplierID": "供应商代码,1,1,10%,false",
        "supplierName": "供应商,1,1,10%,false",
        "partID": "部品编号,1,1,10%,false",
        "partName": "部品名称,1,1,10%,false",
        "partCode": "部品件号,1,1,10%,false",
        "djp": "待检品,1,1,10%,true,待检品期初报表",
        "sjp": "送检品,1,1,10%,true,送检品期初报表",
        "lp": "良品,1,1,10%,true,良品期初报表",
        "blp": "不良品,1,1,10%,true,不良品期初报表",
        "fxp": "返修品,1,1,10%,true,返修品期初报表",
        "kfQCTotal": "库房期初总数,1,1,10%,true"
    }
}
