{
    "titles": {
        "supplierID": "供应商编号,1,1,10%,false",
        "supplierName": "供应商名称,1,1,10%,false",
        "partID": "部品编号,1,1,10%,false",
        "partName": "部品名称,1,1,10%,false",
        "partCode": "部品件号,1,1,10%,false",
        "gySBPrk": "供应商部品入库,1,1,10%,true,待检入库报表",
        "lprk": "良品入库,1,1,10%,true,良品入库报表",
        "blprk": "不良品入库,1,1,10%,true,不良品入库报表",
        "fxlprk": "返修良品入库,1,1,10%,true,返修良品入库",
        "fxblprk": "返修不良品入库,1,1,10%,true,返修不良品入库",
        "sjck": "送检出库,1,1,10%,true,送检出库报表",
        "sjtk": "送检退库,1,1,10%,true,送检返回报表"
    }
}
