{
    "titles": {
        "sjCKAuditTime": "审核时间,1,1,20%,false",
        "sjOutWareHouseID": "送检出库单号,1,1,20%,false",
        "outInType": "出入库类型,1,1,20%,false",
        "outInWethod": "出入库方式,1,1,20%,false",
        "supplierID": "供应商编号,1,1,20%,false",
        "supplierName": "供应商名称,1,1,20%,false",
        "partCode": "部品件号,1,1,20%,false",
        "partID": "部品编号,1,1,20%,false",
        "partName": "部品名称,1,1,20%,false",
        "inboundBatch": "入库批次,1,1,20%,false",
        "sjCKAmount": "出库数量,1,1,20%,false",
        "sjCKProducerName": "制单员,1,1,20%,false",
        "sjOutWareHouseListRemark": "备注,1,1,20%,false"
    }
}
