{
    "titles": {
        "djRKProduceTime": "入库时间,1,1,20%,false",
        "djInWareHouseID": "入库单号,1,1,20%,false",
        "outInType": "出入库类型,1,1,20%,false",
        "outInWethod": "出入库方式,1,1,20%,false",
        "partCode": "部品件号,1,1,20%,false",
        "partID": "部品编号,1,1,20%,false",
        "partName": "部品名称,1,1,20%,false",
        "inboundBatch": "入库批次,1,1,20%,false",
        "djRKAmount": "入库数量,1,1,20%,false",
        "djRKProducerName": "制单人,1,1,20%,false",
        "djInWareHouseListRemark": "备注,1,1,20%,false"
    }
}
