{
    "titles": {
        "sjTKAuditTime": "审核时间,1,1,10%,false",
        "sjBackWareHouseID": "送检返回单号,1,1,10%,false",
        "outInType": "出入库类型,1,1,10%,false",
        "outInWethod": "出入库方式,1,1,10%,false",
        "supplierID": "供应商编号,1,1,10%,false",
        "supplierName": "供应商名称,1,1,10%,false",
        "partCode": "部品件号,1,1,10%,false",
        "partID": "部品编号,1,1,10%,false",
        "partName": "部品名称,1,1,10%,false",
        "inboundBatch": "入库批次,1,1,10%,false",
        "sjTKAmount": "出库数量,1,1,10%,false",
        "sjTKProducerName": "制单员,1,1,10%,false",
        "sjBackWareHouseListRemark": "备注,1,1,10%,false"
    }
}
