{
    "titles": {
        "supplierID": "供应商编号,1,1,10%,false",
        "supplierName": "供应商名称,1,1,10%,false",
        "partID": "部品编号,1,1,10%,false",
        "partName": "部品名称,1,1,10%,false",
        "partCode": "部品件号,1,1,10%,false",
        "autoStylingName": "车型,1,1,10%,false",
        "dcAmount": "单车用量,1,1,10%,false",
        "partUnit": "部品单位,1,1,10%,false",
        "kfQC": "库房期初,1,1,10%,true,库存期初分录",
        "xcQC": "现场期初,1,1,10%,true,现场期初分录",
        "rk": "入库数量,1,1,10%,true,部品入库分录",
        "ck": "出库数量,1,1,10%,true,计划出库报表",
        "lsDH": "临时调货,1,1,10%,true,退货出库报表",
        "ll": "非生产领料,1,1,10%,true,非生产领料报表",
        "th": "退货数量,1,1,10%,true,部品退货分录",
        "tk": "退库数量,1,1,10%,true,部品退库分录",
        "kfJC": "库房结存,1,1,10%,true,库房结存分录",
        "kfTZ": "库房调账,1,1,10%,true,库房盈亏分录",
        "xcTZ": "现场调账,1,1,10%,true,现场盈亏分录",
        "xcJS": "现场结算,1,1,10%,true,现场结算分录",
        "xcJC": "现场结存,1,1,10%,true,现场结存分录"
    }
}
