{
    "titles": {
        "supplierID": "供应商代码,1,1,10%,false",
        "supplierName": "供应商,1,1,10%,false",
        "partID": "部品编号,1,1,10%,false",
        "partName": "部品名称,1,1,10%,false",
        "partCode": "部品件号,1,1,10%,false",
        "lpJP1": "一工厂良品退库,1,1,10%,true",
        "lpJP2": "二工厂良品退库,1,1,10%,true",
        "lpJP3": "三工厂良品退库,1,1,10%,true",
        "blPJP1": "一工厂不良品退库,1,1,10%,true",
        "blPJP2": "二工厂不良品退库,1,1,10%,true",
        "blPJP3": "三工厂不良品退库,1,1,10%,true",
        "tkTotal": "退货总数,1,1,10%,true",
        "xp1": "一工厂线旁退库,1,1,10%,true",
        "xp2": "二工厂线旁退库,1,1,10%,true",
        "xp3": "三工厂线旁退库,1,1,10%,true",
        "tjPQTotal": "退线旁总数,1,1,10%,true"
    }
}
